<?xml version="1.0" encoding="utf-8"?>
<openerp>
	
	<data>
		<menuitem name="Service" id="base.menu_service_app"  sequence="25"/>
		
		<menuitem name="Service" id="base.menu_service" parent="base.menu_service_app"  sequence="100" />	
		
		<menuitem name="Agreement" id="base.menu_service_agr" parent="base.menu_service_app"  sequence="200" />

		<menuitem name="Reports" id="base.menu_service_report" parent="base.menu_service_app"  sequence="200" />

		<menuitem name="Configuration" id="base.menu_service_config" parent="base.menu_service_app"   sequence="900" />		
	
	</data>
	
	<data noupdate="1">	
			
	     <record id="sequence_agreement" model="ir.sequence">
            <field name="name">Service agreement</field>
            <field name="prefix">AG/</field>
            <field name="padding">5</field>
            <field name="number_next">1</field>
            <field name="number_increment">1</field>
        </record>
 
        <record forcecreate="True" id="decimal_service_price" model="decimal.precision">
            <field name="name">Service Price</field>
            <field name="digits">3</field>
        </record>

	</data>
	
	<data noupdate="1">
		<record id="cycle_monthly" model="service.cycle">
			<field name="name">Monthly</field>
			<field name="value">1</field>
			<field name="unit">month</field>
		</record>
		<record id="cycle_quarterly" model="service.cycle">
			<field name="name">Quarterly</field>
			<field name="value">3</field>
			<field name="unit">month</field>
		</record>
		<record id="cycle_yearly" model="service.cycle">
			<field name="name">Yearly</field>
			<field name="value">1</field>
			<field name="unit">year</field>
		</record>
	</data>
	
	
	
</openerp>
        
     