<?xml version="1.0" encoding="utf-8"?>
<odoo>
    <data>
        <!--<record id="service_equipment_personal_rule" model="ir.rule">-->
            <!--<field name="name">Personal Service Equipment</field>-->
            <!--<field name="model_id" ref="model_service_equipment"/>-->
            <!--<field name="domain_force">[('partner_id','child_of',[user.partner_id.parent_id.id] ) ]</field>- -->
            <!--<field name="groups" eval="[(4, ref('base.group_service_client'))]"/>-->
        <!--</record>-->
        <!--<record id="service_equipment_see_all_rule" model="ir.rule">-->
            <!--<field name="name">All Service Equipment</field>-->
            <!--<field name="model_id" ref="model_service_equipment"/>-->
            <!--<field name="domain_force">[(1,'=',1)]</field>-->
            <!--<field name="groups" eval="[(4, ref('base.group_service_user'))]"/>-->
        <!--</record>-->
    </data>
</odoo>